{"apiId":"rgGovZWn52","classes":[{"id":"o-49defab48ea74fb790c9cb504f8d80c7","name":"ErrorDetail","properties":[{"id":"o-f1eac535be57415592a40519fd77c1ce","name":"code","typeId":"int","typeGroup":"primitive","required":true,"isArray":false,"enable":true,"reference":true},{"id":"o-a871d9c65683432bb9d280446245d53d","name":"message","typeId":"string","typeGroup":"primitive","required":true,"isArray":false,"enable":true,"reference":true},{"id":"o-3bc402d69b0b4d38abb3850350454591","name":"description","typeId":"string","typeGroup":"primitive","required":false,"isArray":false,"enable":true,"reference":true},{"id":"o-b5b19a4a2182445e8e4394b63da42acc","name":"infoURL","typeId":"string","typeGroup":"primitive","required":false,"isArray":false,"enable":true,"reference":true}],"reference":true,"enable":true},{"id":"o-555b0f5ca7b548d09797dd06740cdf3e","name":"Error","properties":[{"id":"o-65de3046d23341f8abe3ce9d3f2f7997","name":"code","typeId":"int","typeGroup":"primitive","required":true,"isArray":false,"enable":true,"reference":true},{"id":"o-88a85e8b4540407a875a7c7777c71610","name":"message","typeId":"string","typeGroup":"primitive","required":true,"isArray":false,"enable":true,"reference":true},{"id":"o-7afcd0018bd34419b6c070081a35953e","name":"description","typeId":"string","typeGroup":"primitive","required":false,"isArray":false,"enable":true,"reference":true},{"id":"o-ec03a3c11b2242d993977db066a3ae62","name":"infoURL","typeId":"string","typeGroup":"primitive","required":false,"isArray":false,"enable":true,"reference":true},{"id":"o-d75ad2f7232f42bb901a90694f20e6ae","name":"details","typeId":"o-49defab48ea74fb790c9cb504f8d80c7","typeGroup":"class","required":false,"isArray":true,"enable":true,"reference":true}],"reference":true,"enable":true},{"id":"o-746ddadd06e444f38c9eb77384af9f9e","name":"Ingredient","properties":[{"id":"o-b74fc8bf853d4bd09cdd120a30869a83","name":"idIngredient","typeId":"string","typeGroup":"primitive","required":true,"isArray":false,"enable":true,"reference":false},{"id":"o-e69919b509a24c40bdd0155455dbf70e","name":"name","typeId":"string","typeGroup":"primitive","required":true,"isArray":false,"enable":true,"reference":false},{"id":"o-24fca28c590d4cc199e2c3b0c2c845aa","name":"unitOfMeasure","typeId":"o-18aab95b559448eb87939c30d4928ec0","typeGroup":"enum","required":true,"isArray":false,"enable":true,"reference":false},{"id":"o-adae3bfe7da34e59ac72976bc1ccd69e","name":"category","typeId":"o-97418b4e36434e04b0071c8ef43722e4","typeGroup":"enum","required":true,"isArray":false,"enable":true,"reference":false}],"reference":false,"enable":true,"identifier":"","discriminator":""},{"id":"o-5bea5c29dad940438319c7a33b3e2778","name":"User","properties":[{"id":"o-fed5d8825d8e428dbc26b5c5c4fb89d0","name":"idUser","typeId":"string","typeGroup":"primitive","required":true,"isArray":false,"enable":true,"reference":false},{"id":"o-30ad1b332e2342d49110cf29e21226f3","name":"login","typeId":"string","typeGroup":"primitive","required":true,"isArray":false,"enable":true,"reference":false},{"id":"o-09672811eacc41b0a62633707fc6fcfa","name":"password","typeId":"string","typeGroup":"primitive","required":true,"isArray":false,"enable":true,"reference":false}],"reference":false,"enable":true,"identifier":"","discriminator":""},{"id":"o-fa426194abe14f14b4eee5575c08cbc3","name":"Shopping","properties":[{"id":"o-5d70f3c0c7fe40aba100136ed2137ee9","name":"idShopping","typeId":"string","typeGroup":"primitive","required":true,"isArray":false,"enable":true,"reference":false},{"id":"o-3b4198f6a0dc49faa13e4f5c0cd39b31","name":"date","typeId":"date","typeGroup":"primitive","required":true,"isArray":false,"enable":true,"reference":false},{"id":"o-9399697c2ae8464db0852de5b849be68","name":"ingredientList","typeId":"o-746ddadd06e444f38c9eb77384af9f9e","typeGroup":"class","required":true,"isArray":true,"enable":true,"reference":false}],"reference":false,"enable":true,"identifier":"","discriminator":""},{"id":"o-ad776b85e9684777b1ea04b6d367de8a","name":"Recipe","properties":[{"id":"o-4174dd00540744e0bc5c320ae51678de","name":"idRecipe","typeId":"string","typeGroup":"primitive","required":true,"isArray":false,"enable":true,"reference":false},{"id":"o-28e381fd93f246ed8379cc53b8f89d7a","name":"name","typeId":"string","typeGroup":"primitive","required":true,"isArray":false,"enable":true,"reference":false},{"id":"o-49e92a31f0b34a6382df7ffc1e4932d4","name":"nbPeople","typeId":"string","typeGroup":"primitive","required":true,"isArray":false,"enable":true,"reference":false},{"id":"o-c16af41cb69e4e47b6316d13f4e0d55d","name":"ingredientList","typeId":"o-746ddadd06e444f38c9eb77384af9f9e","typeGroup":"class","required":true,"isArray":true,"enable":true,"reference":false}],"reference":false,"enable":true,"identifier":"","discriminator":""}],"enums":[{"id":"o-18aab95b559448eb87939c30d4928ec0","name":"UnitOfMeasure","typeId":"string","typeGroup":"primitive","values":[{"id":"o-f1725865b38f467782e2bcad98aa0239","name":"grams","enable":true,"reference":false},{"id":"o-d065304d95c34fd598491269ae710dc6","name":"liters","enable":true,"reference":false},{"id":"o-85d0e0a5d509483aa7e45a69aad9e5d6","name":"piece","enable":true,"reference":false}],"enable":true,"reference":false},{"id":"o-97418b4e36434e04b0071c8ef43722e4","name":"Category","typeId":"string","typeGroup":"primitive","values":[{"id":"o-bafa5ac769e84e48982fa819c9cbcbdc","name":"butchery","enable":true,"reference":false},{"id":"o-a4ecad79dc9c423296d0bccebc7840d8","name":"poultry","enable":true,"reference":false},{"id":"o-1f5db95a20564aed9ab45599e5d0b2ab","name":"game","enable":true,"reference":false},{"id":"o-32e7c0d1885c47629be1080a62ea8085","name":"fish","enable":true,"reference":false},{"id":"o-593abaaf2b704c91aa45efb468f6c07d","name":"dairy","enable":true,"reference":false},{"id":"o-c9a93201858c458a98571c96a46d84fb","name":"vegetable","enable":true,"reference":false},{"id":"o-8c433b122f91475cbd541a2e322ce938","name":"fresh_frozen","enable":true,"reference":false},{"id":"o-d17e246ec8cd4e00829370a1bf9fa920","name":"grocery","enable":true,"reference":false},{"id":"o-490513fcb8224890a7ce250382d77519","name":"cellar","enable":true,"reference":false}],"enable":true,"reference":false}],"resources":[{"id":"o-cc49a019f8cd49b096a3064ae967ab55","name":"User","classId":"o-5bea5c29dad940438319c7a33b3e2778","parentId":null,"identificationParam":{"id":"o-909736940c62482fad212b0a9244afab","name":"UserId","isArray":false,"isHeader":false,"typeId":"string","typeGroup":"primitive"},"operations":{"defaults":[{"id":"o-c41436d1e0704b008690bb5b7ef8c786","summary":"create a user","name":"create","enable":true,"request":{"params":[{"ref":"o-206510f78f7f4488a666900e17b1e09b","type":"local","enable":true,"required":true}],"contentTypes":[],"localParams":[{"id":"o-206510f78f7f4488a666900e17b1e09b","name":"User","isArray":false,"typeId":"o-5bea5c29dad940438319c7a33b3e2778","typeGroup":"class"}],"localContentTypes":[]},"response":{"type":"representation","successCode":201,"headers":[],"contentTypes":[],"localContentTypes":[],"representation":{"typeId":"o-5bea5c29dad940438319c7a33b3e2778"},"localHeaders":[]},"functionalErrors":[]},{"id":"o-5addf7543829466d85cdc7eb9f84e3be","summary":"find a user","name":"find","enable":true,"request":{"params":[],"contentTypes":[],"localParams":[],"localContentTypes":[]},"response":{"type":"representation","successCode":200,"headers":[],"contentTypes":[],"localContentTypes":[],"representation":{"typeId":"o-5bea5c29dad940438319c7a33b3e2778","isArray":true},"localHeaders":[]},"functionalErrors":[]},{"id":"o-c778c7ccf47345bbb141144943c7a3fc","summary":"get a user","name":"get","enable":true,"request":{"params":[],"contentTypes":[],"localParams":[],"localContentTypes":[]},"response":{"type":"representation","successCode":200,"headers":[],"contentTypes":[],"localContentTypes":[],"representation":{"typeId":"o-5bea5c29dad940438319c7a33b3e2778","isArray":false},"localHeaders":[]},"functionalErrors":[]},{"id":"o-41c8282e6af446278f058be25e2299c5","summary":"Update a user.","name":"update","enable":true,"request":{"params":[{"ref":"o-dd93a112680941118d185d18e01f5312","type":"local","enable":true,"required":true}],"contentTypes":[],"localParams":[{"id":"o-dd93a112680941118d185d18e01f5312","name":"User","isArray":false,"typeId":"o-5bea5c29dad940438319c7a33b3e2778","typeGroup":"class"}],"localContentTypes":[]},"response":{"type":"representation","successCode":200,"headers":[],"contentTypes":[],"localContentTypes":[],"representation":{"typeId":"o-5bea5c29dad940438319c7a33b3e2778"},"localHeaders":[]},"functionalErrors":[]},{"id":"o-9f8602518cb94a29b8138c45033f4cbf","summary":"Update partially a user","name":"patch","enable":true,"request":{"params":[{"ref":"o-ff24c6acba3e45489b073cedc5d137e9","type":"local","enable":true,"required":true}],"contentTypes":[],"localParams":[{"id":"o-ff24c6acba3e45489b073cedc5d137e9","name":"User","isArray":false,"typeId":"o-5bea5c29dad940438319c7a33b3e2778","typeGroup":"class"}],"localContentTypes":[]},"response":{"type":"representation","successCode":200,"headers":[],"contentTypes":[],"localContentTypes":[],"representation":{"typeId":"o-5bea5c29dad940438319c7a33b3e2778"},"localHeaders":[]},"functionalErrors":[]},{"id":"o-993f414dd60f424b9fbc7cbac6c56ea1","summary":"Delete a user.","name":"delete","enable":true,"request":{"params":[],"contentTypes":[],"localParams":[],"localContentTypes":[]},"response":{"type":"void","successCode":204,"headers":[],"contentTypes":[],"localContentTypes":[],"localHeaders":[]},"functionalErrors":[]}],"customs":[]},"path":"User"},{"id":"o-2c249078da584a85b64da081bbb2048c","name":"Ingredient","classId":"o-746ddadd06e444f38c9eb77384af9f9e","parentId":null,"identificationParam":{"id":"o-da7ec1b233a543e38fe8d16c87e91da1","name":"IngredientId","isArray":false,"isHeader":false,"typeId":"string","typeGroup":"primitive"},"operations":{"defaults":[{"id":"o-c6d1444fa15f4226b17cfd62685463db","summary":"Create an ingredient","name":"create","enable":true,"request":{"params":[{"ref":"o-8ac30ce3f5704552a6b4fcf37a33ddc3","type":"local","enable":true,"required":true}],"contentTypes":[],"localParams":[{"id":"o-8ac30ce3f5704552a6b4fcf37a33ddc3","name":"Ingredient","isArray":false,"typeId":"o-746ddadd06e444f38c9eb77384af9f9e","typeGroup":"class"}],"localContentTypes":[]},"response":{"type":"representation","successCode":201,"headers":[{"ref":"o-54f5ddda7bc547fe9a57ab330a6935c3","type":"local","enable":true,"required":true}],"contentTypes":[],"localContentTypes":[],"representation":{"typeId":"o-746ddadd06e444f38c9eb77384af9f9e"},"localHeaders":[{"id":"o-54f5ddda7bc547fe9a57ab330a6935c3","name":"Location","isArray":false,"typeId":"string","typeGroup":"primitive"}]},"functionalErrors":[]},{"id":"o-27c4f681571243ef8fd114b271587f84","summary":"Find an ingredient","name":"find","enable":true,"request":{"params":[],"contentTypes":[],"localParams":[],"localContentTypes":[]},"response":{"type":"representation","successCode":200,"headers":[],"contentTypes":[],"localContentTypes":[],"representation":{"typeId":"o-746ddadd06e444f38c9eb77384af9f9e","isArray":true},"localHeaders":[]},"functionalErrors":[]},{"id":"o-3faa0d5efc9143ffae5ccef7d9274059","summary":"Get an ingredient.","name":"get","enable":true,"request":{"params":[],"contentTypes":[],"localParams":[],"localContentTypes":[]},"response":{"type":"representation","successCode":200,"headers":[],"contentTypes":[],"localContentTypes":[],"representation":{"typeId":"o-746ddadd06e444f38c9eb77384af9f9e","isArray":false},"localHeaders":[]},"functionalErrors":[]},{"id":"o-8d1b2f7e446e4d828fa7c5a942e413b9","summary":"Update an ingredient.","name":"update","enable":true,"request":{"params":[{"ref":"o-8fcd5a3893434d83b459237be0aaab4a","type":"local","enable":true,"required":true}],"contentTypes":[],"localParams":[{"id":"o-8fcd5a3893434d83b459237be0aaab4a","name":"Ingredient","isArray":false,"typeId":"o-746ddadd06e444f38c9eb77384af9f9e","typeGroup":"class"}],"localContentTypes":[]},"response":{"type":"representation","successCode":200,"headers":[],"contentTypes":[],"localContentTypes":[],"representation":{"typeId":"o-746ddadd06e444f38c9eb77384af9f9e"},"localHeaders":[]},"functionalErrors":[]},{"id":"o-27c36de829ab4abd9b1e9ef4a8c50266","summary":"Update partially an ingredient.","name":"patch","enable":true,"request":{"params":[{"ref":"o-a719c80071b84ee7955d3273a91ad7bc","type":"local","enable":true,"required":true}],"contentTypes":[],"localParams":[{"id":"o-a719c80071b84ee7955d3273a91ad7bc","name":"Ingredient","isArray":false,"typeId":"o-746ddadd06e444f38c9eb77384af9f9e","typeGroup":"class"}],"localContentTypes":[]},"response":{"type":"representation","successCode":200,"headers":[],"contentTypes":[],"localContentTypes":[],"representation":{"typeId":"o-746ddadd06e444f38c9eb77384af9f9e"},"localHeaders":[]},"functionalErrors":[]},{"id":"o-40075c5a94744b53b34e98d7cdb64e0f","summary":"Delete an ingredient.","name":"delete","enable":true,"request":{"params":[],"contentTypes":[],"localParams":[],"localContentTypes":[]},"response":{"type":"void","successCode":204,"headers":[],"contentTypes":[],"localContentTypes":[],"localHeaders":[]},"functionalErrors":[]}],"customs":[]},"path":"Ingredient"},{"id":"o-67f45d64d9c641bdbb3e9d50db34c186","name":"Shopping","classId":"o-fa426194abe14f14b4eee5575c08cbc3","parentId":null,"identificationParam":{"id":"o-2a0e3d1679ab4ce7bff01dcea01b1b14","name":"ShoppingId","isArray":false,"isHeader":false,"typeId":"string","typeGroup":"primitive"},"operations":{"defaults":[{"id":"o-64fc1d9aa2f24cf98c5605314e04cc93","summary":"","name":"create","enable":false,"request":{"params":[{"ref":"o-0f44b1c938294bc4b9cc74e14501f812","type":"local","enable":true,"required":true}],"contentTypes":[],"localParams":[{"id":"o-0f44b1c938294bc4b9cc74e14501f812","name":"Shopping","isArray":false,"typeId":"o-fa426194abe14f14b4eee5575c08cbc3","typeGroup":"class"}],"localContentTypes":[]},"response":{"type":"representation","successCode":201,"headers":[],"contentTypes":[],"localContentTypes":[],"representation":{"typeId":"o-fa426194abe14f14b4eee5575c08cbc3"},"localHeaders":[]},"functionalErrors":[]},{"id":"o-9688092bb45845469a2338038f44c83b","summary":"Find a shopping list","name":"find","enable":true,"request":{"params":[],"contentTypes":[],"localParams":[],"localContentTypes":[]},"response":{"type":"representation","successCode":200,"headers":[],"contentTypes":[],"localContentTypes":[],"representation":{"typeId":"o-fa426194abe14f14b4eee5575c08cbc3","isArray":true},"localHeaders":[]},"functionalErrors":[]},{"id":"o-5f754a58222343afb920722a31df5d32","summary":"Get a shopping list.","name":"get","enable":true,"request":{"params":[],"contentTypes":[],"localParams":[],"localContentTypes":[]},"response":{"type":"representation","successCode":200,"headers":[],"contentTypes":[],"localContentTypes":[],"representation":{"typeId":"o-fa426194abe14f14b4eee5575c08cbc3","isArray":false},"localHeaders":[]},"functionalErrors":[]},{"id":"o-ef063011bfe44c889dc91c3978905ff8","summary":"","name":"update","enable":false,"request":{"params":[{"ref":"o-fbc0da74175745b996691d9b4fa04230","type":"local","enable":true,"required":true}],"contentTypes":[],"localParams":[{"name":"Shopping","isArray":false,"typeId":"o-fa426194abe14f14b4eee5575c08cbc3","typeGroup":"class","id":"o-fbc0da74175745b996691d9b4fa04230"}],"localContentTypes":[]},"response":{"type":"representation","successCode":200,"headers":[],"contentTypes":[],"localContentTypes":[],"representation":{"typeId":"o-fa426194abe14f14b4eee5575c08cbc3"}},"functionalErrors":[]},{"id":"o-307c55b393664b01980e75c29c7543ca","summary":"","name":"patch","enable":false,"request":{"params":[{"ref":"o-66f90484968045a1a02bdf4d49223a4b","type":"local","enable":true,"required":true}],"contentTypes":[],"localParams":[{"name":"Shopping","isArray":false,"typeId":"o-fa426194abe14f14b4eee5575c08cbc3","typeGroup":"class","id":"o-66f90484968045a1a02bdf4d49223a4b"}],"localContentTypes":[]},"response":{"type":"representation","successCode":200,"headers":[],"contentTypes":[],"localContentTypes":[],"representation":{"typeId":"o-fa426194abe14f14b4eee5575c08cbc3"}},"functionalErrors":[]},{"id":"o-89df792143d74a81971010fe57bcb634","summary":"Delete a shopping list.","name":"delete","enable":true,"request":{"params":[],"contentTypes":[],"localParams":[],"localContentTypes":[]},"response":{"type":"void","successCode":204,"headers":[],"contentTypes":[],"localContentTypes":[],"localHeaders":[]},"functionalErrors":[]}],"customs":[]},"path":"Shopping"},{"id":"o-2944e15e976d467abc54a90e5b01d68d","name":"Recipe","classId":"o-ad776b85e9684777b1ea04b6d367de8a","parentId":null,"identificationParam":{"id":"o-26a0e90eb9da4bb9bd52340c0202c61d","name":"RecipeId","isArray":false,"isHeader":false,"typeId":"string","typeGroup":"primitive"},"operations":{"defaults":[{"id":"o-2bf4d22295ea450497c213489640116e","summary":"Create a recipe","name":"create","enable":true,"request":{"params":[{"ref":"o-f3f9d48435884a45999c74a3412dadb1","type":"local","enable":true,"required":true}],"contentTypes":[],"localParams":[{"id":"o-f3f9d48435884a45999c74a3412dadb1","name":"Recipe","isArray":false,"typeId":"o-ad776b85e9684777b1ea04b6d367de8a","typeGroup":"class"}],"localContentTypes":[]},"response":{"type":"representation","successCode":201,"headers":[],"contentTypes":[],"localContentTypes":[],"representation":{"typeId":"o-ad776b85e9684777b1ea04b6d367de8a"},"localHeaders":[]},"functionalErrors":[]},{"id":"o-83ed9662c515491ebc7d9abd38caa66f","summary":"Find a recipe","name":"find","enable":true,"request":{"params":[],"contentTypes":[],"localParams":[],"localContentTypes":[]},"response":{"type":"representation","successCode":200,"headers":[],"contentTypes":[],"localContentTypes":[],"representation":{"typeId":"o-ad776b85e9684777b1ea04b6d367de8a","isArray":true},"localHeaders":[]},"functionalErrors":[]},{"id":"o-339821ec987d461da737e80823b3d5ac","summary":"Get a recipe.","name":"get","enable":true,"request":{"params":[],"contentTypes":[],"localParams":[],"localContentTypes":[]},"response":{"type":"representation","successCode":200,"headers":[],"contentTypes":[],"localContentTypes":[],"representation":{"typeId":"o-ad776b85e9684777b1ea04b6d367de8a","isArray":false},"localHeaders":[]},"functionalErrors":[]},{"id":"o-bd3d6cd3853f4c99a8b732c822b90e6f","summary":"Update a recipe.","name":"update","enable":true,"request":{"params":[{"ref":"o-b3d771b1e8ea465bbe15df2eeb09683b","type":"local","enable":true,"required":true}],"contentTypes":[],"localParams":[{"id":"o-b3d771b1e8ea465bbe15df2eeb09683b","name":"Recipe","isArray":false,"typeId":"o-ad776b85e9684777b1ea04b6d367de8a","typeGroup":"class"}],"localContentTypes":[]},"response":{"type":"representation","successCode":200,"headers":[],"contentTypes":[],"localContentTypes":[],"representation":{"typeId":"o-ad776b85e9684777b1ea04b6d367de8a"},"localHeaders":[]},"functionalErrors":[]},{"id":"o-f12dfc47db0847859ca7a91b2687dbfe","summary":"Update partially an ingredient.","name":"patch","enable":true,"request":{"params":[{"ref":"o-4b60f975c2394bbaa04416e9aa5fc6d6","type":"local","enable":true,"required":true}],"contentTypes":[],"localParams":[{"id":"o-4b60f975c2394bbaa04416e9aa5fc6d6","name":"Recipe","isArray":false,"typeId":"o-ad776b85e9684777b1ea04b6d367de8a","typeGroup":"class"}],"localContentTypes":[]},"response":{"type":"representation","successCode":200,"headers":[],"contentTypes":[],"localContentTypes":[],"representation":{"typeId":"o-ad776b85e9684777b1ea04b6d367de8a"},"localHeaders":[]},"functionalErrors":[]},{"id":"o-7fb952d052a8496fbcd5ba8360fc56ad","summary":"Delete a recipe.","name":"delete","enable":true,"request":{"params":[],"contentTypes":[],"localParams":[],"localContentTypes":[]},"response":{"type":"void","successCode":204,"headers":[],"contentTypes":[],"localContentTypes":[],"localHeaders":[]},"functionalErrors":[]}],"customs":[]},"path":"Recipe"}],"descriptions":[{"id":"o-b57ac35e4e964cd2bb782fd13bcc51d5","name":"public","descriptions":{"o-f658ff4ec81f43f2913251e3c6a99351":"List of supported error codes:\n- 20: Invalid URL parameter value\n- 21: Missing body\n- 22: Invalid body\n- 23: Missing body field\n- 24: Invalid body field\n- 25: Missing header\n- 26: Invalid header value\n- 27: Missing query-string parameter\n- 28: Invalid query-string parameter value","o-4fbf0af267ee4d17bc827220096fb3c4":"List of supported error codes:\n- 40: Missing credentials\n- 41: Invalid credentials\n- 42: Expired credentials","o-99f1d24459c44c7fa7e226d86f5337f1":"List of supported error codes:\n- 50: Access denied\n- 51: Forbidden requester\n- 52: Forbidden user\n- 53: Too many requests","o-730749a3527d46448ae8b403665376d5":"List of supported error codes:\n- 60: Resource not found","o-e1b70d0a1a7348e88b52a713259b0365":"List of supported error codes:\n- 61: Method not allowed","o-669c2d2406e24d9891f4dd637396c42c":"List of supported error codes:\n- 62: Not acceptable","o-b78372958a3f45f3ba2665b33d3845a7":"List of supported error codes:\n- 63: Request time-out","o-d89f2370491a45948efbd2bed4e8b47f":"List of supported error codes:\n- 64: Length required","o-cca61c2b409640ceba39d9111b6c934f":"List of supported error codes:\n- 65: Precondition failed","o-6f7095634db040e7adf789582e7a6726":"List of supported error codes:\n- 66: Request entity too large","o-f5cbfb0b28fb438c95bfc6cc232fed2d":"List of supported error codes:\n- 67: Request-URI too long","o-2b21691530ec428ab00a7f9a591b4413":"List of supported error codes:\n- 68: Unsupported Media Type","o-472e67488b3a41dabc84ba0f33ede982":"Functional error","o-77d24cd584bd4b7db792fe862dd8f685":"List of supported error codes:\n- 1: Internal error","o-a840732977774593b4ccb6f13b0b1ace":"List of supported error codes:\n- 5: The service is temporarily unavailable\n- 6: Orange API is over capacity, retry later !","o-746ddadd06e444f38c9eb77384af9f9e":"This class represents a food ingredient.","o-18aab95b559448eb87939c30d4928ec0":"This enumeration list any unit of measure for an ingredient.","o-97418b4e36434e04b0071c8ef43722e4":"This enumeration represents the different categories of an ingredient.","o-b74fc8bf853d4bd09cdd120a30869a83":"Ingredient identifier.","o-e69919b509a24c40bdd0155455dbf70e":"Ingredient name.","o-5bea5c29dad940438319c7a33b3e2778":"This class represents a user of <nom de l'application>.","o-fa426194abe14f14b4eee5575c08cbc3":"This class represents a shopping list for a user.","o-24fca28c590d4cc199e2c3b0c2c845aa":"Unit of measure of the ingredient.","o-adae3bfe7da34e59ac72976bc1ccd69e":"Category of the ingredient.","o-ad776b85e9684777b1ea04b6d367de8a":"This class represents a recipe from a user.","o-5d70f3c0c7fe40aba100136ed2137ee9":"Shopping identifier.","o-3b4198f6a0dc49faa13e4f5c0cd39b31":"Date the user generated the shopping list.","o-9399697c2ae8464db0852de5b849be68":"User identifier.","o-4174dd00540744e0bc5c320ae51678de":"Recipient identifier.","o-28e381fd93f246ed8379cc53b8f89d7a":"Recipient name.","o-49e92a31f0b34a6382df7ffc1e4932d4":"Number of people expected for the recipe.","o-c16af41cb69e4e47b6316d13f4e0d55d":"Identifier of the user who owns the recipe.","o-fed5d8825d8e428dbc26b5c5c4fb89d0":"User identifier.","o-30ad1b332e2342d49110cf29e21226f3":"User name.","o-09672811eacc41b0a62633707fc6fcfa":"User firstname.","o-6c69df00842a417d8a0a03ba375c5455":"User email.","o-da7ec1b233a543e38fe8d16c87e91da1":"ingredient identifier.","o-2c249078da584a85b64da081bbb2048c":"This endpoint allows to manage the ingredient resource.","o-c6d1444fa15f4226b17cfd62685463db":"This endpoint allows to create an ingredient.","o-8ac30ce3f5704552a6b4fcf37a33ddc3":"","o-54f5ddda7bc547fe9a57ab330a6935c3":"ingredient/{ingredientId}","o-27c4f681571243ef8fd114b271587f84":"This endpoint allows to get a list of ingredient.","o-3faa0d5efc9143ffae5ccef7d9274059":"This endpoint allows to get an ingredient.","o-8d1b2f7e446e4d828fa7c5a942e413b9":"This endpoint allows to update an ingredient.","o-8fcd5a3893434d83b459237be0aaab4a":"","o-40075c5a94744b53b34e98d7cdb64e0f":"This endpoint allows to delete an ingredient.","o-909736940c62482fad212b0a9244afab":"User identifier.","o-cc49a019f8cd49b096a3064ae967ab55":"This endpoint allows to manage the user resource.","o-c41436d1e0704b008690bb5b7ef8c786":"This endpoint allows to create a user.","o-206510f78f7f4488a666900e17b1e09b":"","o-5addf7543829466d85cdc7eb9f84e3be":"This endpoint allows to get a list of users.","o-c778c7ccf47345bbb141144943c7a3fc":"This endpoint allows to get a user.","o-41c8282e6af446278f058be25e2299c5":"This endpoint allows to update a user.","o-dd93a112680941118d185d18e01f5312":"","o-993f414dd60f424b9fbc7cbac6c56ea1":"This endpoint allows to delete a user.","o-26a0e90eb9da4bb9bd52340c0202c61d":"Recipe identifier.","o-2944e15e976d467abc54a90e5b01d68d":"This endpoint allows to manage the recipe resource.","o-2bf4d22295ea450497c213489640116e":"This endpoint allows to create a recipe.","o-f3f9d48435884a45999c74a3412dadb1":"","o-83ed9662c515491ebc7d9abd38caa66f":"This endpoint allows to get a list of recipe.","o-339821ec987d461da737e80823b3d5ac":"This endpoint allows to get a recipe.","o-bd3d6cd3853f4c99a8b732c822b90e6f":"This endpoint allows to update a recipe.","o-b3d771b1e8ea465bbe15df2eeb09683b":"","o-7fb952d052a8496fbcd5ba8360fc56ad":"This endpoint allows to delete a recipe.","o-2a0e3d1679ab4ce7bff01dcea01b1b14":"Shopping identifier.","o-67f45d64d9c641bdbb3e9d50db34c186":"This endpoint allows to manage the shopping resource.","o-64fc1d9aa2f24cf98c5605314e04cc93":"","o-0f44b1c938294bc4b9cc74e14501f812":"","o-9688092bb45845469a2338038f44c83b":"This endpoint allows to get a list of shopping list.","o-5f754a58222343afb920722a31df5d32":"This endpoint allows to get a shopping list.","o-89df792143d74a81971010fe57bcb634":"This endpoint allows to delete a shopping list.","o-27c36de829ab4abd9b1e9ef4a8c50266":"This endpoint allows to partially update an ingredient.","o-a719c80071b84ee7955d3273a91ad7bc":"","o-f12dfc47db0847859ca7a91b2687dbfe":"This endpoint allows to partially update an ingredient.","o-4b60f975c2394bbaa04416e9aa5fc6d6":"","o-9f8602518cb94a29b8138c45033f4cbf":"This endpoint allows to partially update a user.","o-ff24c6acba3e45489b073cedc5d137e9":""}}],"endpoints":[{"id":"o-af10665cbf3a45e893e557852970d489","label":"loopback","url":"http://localhost:8080","isActive":true}],"commons":{"errors":[{"id":"o-f658ff4ec81f43f2913251e3c6a99351","code":400,"message":"Bad Request","infoUrl":"https://developer.orange.com/common-errors","functional":false,"enable":false},{"id":"o-4fbf0af267ee4d17bc827220096fb3c4","code":401,"message":"Unauthorized","infoUrl":"https://developer.orange.com/common-errors","functional":false,"enable":false},{"id":"o-99f1d24459c44c7fa7e226d86f5337f1","code":403,"message":"Forbidden","infoUrl":"https://developer.orange.com/common-errors","functional":false,"enable":false},{"id":"o-730749a3527d46448ae8b403665376d5","code":404,"message":"Not Found","infoUrl":"https://developer.orange.com/common-errors","functional":false,"enable":false},{"id":"o-e1b70d0a1a7348e88b52a713259b0365","code":405,"message":"Method Not Allowed","infoUrl":"https://developer.orange.com/common-errors","functional":false,"enable":false},{"id":"o-669c2d2406e24d9891f4dd637396c42c","code":406,"message":"Not Acceptable","infoUrl":"https://developer.orange.com/common-errors","functional":false,"enable":false},{"id":"o-b78372958a3f45f3ba2665b33d3845a7","code":408,"message":"Request Time-out","infoUrl":"https://developer.orange.com/common-errors","functional":false,"enable":false},{"id":"o-d89f2370491a45948efbd2bed4e8b47f","code":411,"message":"Length Required","infoUrl":"https://developer.orange.com/common-errors","functional":false,"enable":false},{"id":"o-cca61c2b409640ceba39d9111b6c934f","code":412,"message":"Precondition Failed","infoUrl":"https://developer.orange.com/common-errors","functional":false,"enable":false},{"id":"o-6f7095634db040e7adf789582e7a6726","code":413,"message":"Request Entity Too Large","infoUrl":"https://developer.orange.com/common-errors","functional":false,"enable":false},{"id":"o-f5cbfb0b28fb438c95bfc6cc232fed2d","code":414,"message":"Request-URI Too Long","infoUrl":"https://developer.orange.com/common-errors","functional":false,"enable":false},{"id":"o-2b21691530ec428ab00a7f9a591b4413","code":415,"message":"Unsupported Media Type","infoUrl":"https://developer.orange.com/common-errors","functional":false,"enable":false},{"id":"o-472e67488b3a41dabc84ba0f33ede982","code":422,"message":"Unprocessable entity","infoUrl":"https://developer.orange.com/common-errors","functional":false,"enable":false},{"id":"o-77d24cd584bd4b7db792fe862dd8f685","code":500,"message":"Internal Server Error","infoUrl":"https://developer.orange.com/common-errors","functional":false,"enable":true},{"id":"o-a840732977774593b4ccb6f13b0b1ace","code":503,"message":"Service Unavailable","infoUrl":"https://developer.orange.com/common-errors","functional":false,"enable":false}],"params":[],"contentTypes":[],"errorClassId":"o-555b0f5ca7b548d09797dd06740cdf3e"}}